[{"pk": 1, "model": "elizabeth.hostapp", "fields": {"importance": "OT", "name": "test"}}, {"pk": 10, "model": "elizabeth.unixhost", "fields": {"comment": "", "name": "usushpcla183dbb", "level": "", "apps": [1], "fqdn": "", "os": "AIX"}}, {"pk": 9, "model": "elizabeth.unixhost", "fields": {"comment": "", "name": "usushapspv193", "level": "", "apps": [], "fqdn": "", "os": "SunOS"}}, {"pk": 1, "model": "elizabeth.unixuserlist", "fields": {"username": "root", "enabled": true, "type": "X", "name": "", "source": ""}}, {"pk": 2, "model": "elizabeth.unixuserlist", "fields": {"username": "daemon", "enabled": true, "type": "X", "name": "", "source": ""}}, {"pk": 3, "model": "elizabeth.unixuserlist", "fields": {"username": "bin", "enabled": true, "type": "X", "name": "", "source": ""}}, {"pk": 4, "model": "elizabeth.unixuserlist", "fields": {"username": "sys", "enabled": true, "type": "X", "name": "", "source": ""}}, {"pk": 5, "model": "elizabeth.unixuserlist", "fields": {"username": "adm", "enabled": true, "type": "X", "name": "", "source": ""}}, {"pk": 6, "model": "elizabeth.unixuserlist", "fields": {"username": "lp", "enabled": true, "type": "X", "name": "", "source": ""}}, {"pk": 7, "model": "elizabeth.unixuserlist", "fields": {"username": "uucp", "enabled": true, "type": "X", "name": "", "source": ""}}, {"pk": 8, "model": "elizabeth.unixuserlist", "fields": {"username": "nuucp", "enabled": true, "type": "X", "name": "", "source": ""}}, {"pk": 9, "model": "elizabeth.unixuserlist", "fields": {"username": "smmsp", "enabled": true, "type": "X", "name": "", "source": ""}}, {"pk": 10, "model": "elizabeth.unixuserlist", "fields": {"username": "listen", "enabled": true, "type": "X", "name": "", "source": ""}}, {"pk": 11, "model": "elizabeth.unixuserlist", "fields": {"username": "gdm", "enabled": true, "type": "X", "name": "", "source": ""}}, {"pk": 12, "model": "elizabeth.unixuserlist", "fields": {"username": "webservd", "enabled": true, "type": "X", "name": "", "source": ""}}, {"pk": 13, "model": "elizabeth.unixuserlist", "fields": {"username": "postgres", "enabled": true, "type": "X", "name": "", "source": ""}}, {"pk": 14, "model": "elizabeth.unixuserlist", "fields": {"username": "svctag", "enabled": true, "type": "X", "name": "", "source": ""}}, {"pk": 15, "model": "elizabeth.unixuserlist", "fields": {"username": "nobody", "enabled": true, "type": "X", "name": "", "source": ""}}, {"pk": 16, "model": "elizabeth.unixuserlist", "fields": {"username": "noaccess", "enabled": true, "type": "X", "name": "", "source": ""}}, {"pk": 17, "model": "elizabeth.unixuserlist", "fields": {"username": "nobody4", "enabled": true, "type": "X", "name": "", "source": ""}}, {"pk": 18, "model": "elizabeth.unixuserlist", "fields": {"username": "sscope2", "enabled": true, "type": "X", "name": "", "source": ""}}, {"pk": 19, "model": "elizabeth.unixuserlist", "fields": {"username": "orauhp", "enabled": true, "type": "X", "name": "", "source": ""}}, {"pk": 20, "model": "elizabeth.unixuserlist", "fields": {"username": "uhpadm", "enabled": true, "type": "X", "name": "", "source": ""}}, {"pk": 21, "model": "elizabeth.unixuserlist", "fields": {"username": "scmcom", "enabled": true, "type": "X", "name": "", "source": ""}}, {"pk": 22, "model": "elizabeth.unixuserlist", "fields": {"username": "ifaceusr", "enabled": true, "type": "X", "name": "", "source": ""}}, {"pk": 23, "model": "elizabeth.unixuserlist", "fields": {"username": "ctmagent", "enabled": true, "type": "X", "name": "", "source": ""}}, {"pk": 24, "model": "elizabeth.unixuserlist", "fields": {"username": "tibroot", "enabled": true, "type": "X", "name": "", "source": ""}}, {"pk": 25, "model": "elizabeth.unixuserlist", "fields": {"username": "hcmusr", "enabled": true, "type": "X", "name": "", "source": ""}}, {"pk": 26, "model": "elizabeth.unixuserlist", "fields": {"username": "gisadm", "enabled": true, "type": "X", "name": "", "source": ""}}, {"pk": 27, "model": "elizabeth.unixuserlist", "fields": {"username": "watchmen", "enabled": true, "type": "X", "name": "", "source": ""}}, {"pk": 28, "model": "elizabeth.unixuserlist", "fields": {"username": "lpd", "enabled": true, "type": "X", "name": "", "source": ""}}, {"pk": 29, "model": "elizabeth.unixuserlist", "fields": {"username": "sybase", "enabled": true, "type": "X", "name": "", "source": ""}}, {"pk": 30, "model": "elizabeth.unixuserlist", "fields": {"username": "rdcente", "enabled": true, "type": "X", "name": "", "source": ""}}, {"pk": 31, "model": "elizabeth.unixuserlist", "fields": {"username": "jzmarsh", "enabled": true, "type": "X", "name": "", "source": ""}}, {"pk": 32, "model": "elizabeth.unixuserlist", "fields": {"username": "dgevans", "enabled": true, "type": "X", "name": "", "source": ""}}, {"pk": 33, "model": "elizabeth.unixuserlist", "fields": {"username": "bdsmith", "enabled": true, "type": "X", "name": "", "source": ""}}, {"pk": 34, "model": "elizabeth.unixuserlist", "fields": {"username": "djp001", "enabled": true, "type": "X", "name": "", "source": ""}}, {"pk": 35, "model": "elizabeth.unixuserlist", "fields": {"username": "annesem", "enabled": true, "type": "X", "name": "", "source": ""}}, {"pk": 36, "model": "elizabeth.unixuserlist", "fields": {"username": "yuenc", "enabled": true, "type": "X", "name": "", "source": ""}}, {"pk": 37, "model": "elizabeth.unixuserlist", "fields": {"username": "pzholwe", "enabled": true, "type": "X", "name": "", "source": ""}}, {"pk": 38, "model": "elizabeth.unixuserlist", "fields": {"username": "dunmirr", "enabled": true, "type": "X", "name": "", "source": ""}}, {"pk": 39, "model": "elizabeth.unixuserlist", "fields": {"username": "djp003", "enabled": true, "type": "X", "name": "", "source": ""}}, {"pk": 40, "model": "elizabeth.unixuserlist", "fields": {"username": "dfnp003", "enabled": true, "type": "X", "name": "", "source": ""}}, {"pk": 41, "model": "elizabeth.unixuserlist", "fields": {"username": "db2das53", "enabled": true, "type": "X", "name": "", "source": ""}}, {"pk": 42, "model": "elizabeth.unixuserlist", "fields": {"username": "eraprod", "enabled": true, "type": "X", "name": "", "source": ""}}, {"pk": 43, "model": "elizabeth.unixuserlist", "fields": {"username": "safeR6", "enabled": true, "type": "X", "name": "", "source": ""}}, {"pk": 44, "model": "elizabeth.unixuserlist", "fields": {"username": "dibsj", "enabled": true, "type": "X", "name": "", "source": ""}}, {"pk": 45, "model": "elizabeth.unixuserlist", "fields": {"username": "dinisj", "enabled": true, "type": "X", "name": "", "source": ""}}, {"pk": 46, "model": "elizabeth.unixuserlist", "fields": {"username": "sshd", "enabled": true, "type": "X", "name": "", "source": ""}}, {"pk": 47, "model": "elizabeth.unixuserlist", "fields": {"username": "nagios", "enabled": true, "type": "X", "name": "", "source": ""}}, {"pk": 48, "model": "elizabeth.unixuserlist", "fields": {"username": "alexw", "enabled": true, "type": "X", "name": "", "source": ""}}, {"pk": 49, "model": "elizabeth.unixuserlist", "fields": {"username": "tibprod", "enabled": true, "type": "X", "name": "", "source": ""}}, {"pk": 50, "model": "elizabeth.unixuserlist", "fields": {"username": "sbnet", "enabled": true, "type": "X", "name": "", "source": ""}}, {"pk": 51, "model": "elizabeth.unixuserlist", "fields": {"username": "aminis", "enabled": true, "type": "X", "name": "", "source": ""}}, {"pk": 52, "model": "elizabeth.unixuserlist", "fields": {"username": "bjorhoi", "enabled": true, "type": "X", "name": "", "source": ""}}, {"pk": 53, "model": "elizabeth.unixuserlist", "fields": {"username": "balanom", "enabled": true, "type": "X", "name": "", "source": ""}}, {"pk": 54, "model": "elizabeth.unixuserlist", "fields": {"username": "shermal", "enabled": true, "type": "X", "name": "", "source": ""}}, {"pk": 55, "model": "elizabeth.unixuserlist", "fields": {"username": "wallaca", "enabled": true, "type": "X", "name": "", "source": ""}}, {"pk": 56, "model": "elizabeth.unixuserlist", "fields": {"username": "watsonr", "enabled": true, "type": "X", "name": "", "source": ""}}, {"pk": 57, "model": "elizabeth.unixuserlist", "fields": {"username": "bridere", "enabled": true, "type": "X", "name": "", "source": ""}}, {"pk": 58, "model": "elizabeth.unixuserlist", "fields": {"username": "leej", "enabled": true, "type": "X", "name": "", "source": ""}}, {"pk": 59, "model": "elizabeth.unixuserlist", "fields": {"username": "valachia", "enabled": true, "type": "X", "name": "", "source": ""}}, {"pk": 60, "model": "elizabeth.unixuserlist", "fields": {"username": "altj", "enabled": true, "type": "X", "name": "", "source": ""}}, {"pk": 61, "model": "elizabeth.unixuserlist", "fields": {"username": "lowej", "enabled": true, "type": "X", "name": "", "source": ""}}, {"pk": 62, "model": "elizabeth.unixuserlist", "fields": {"username": "sancheza", "enabled": true, "type": "X", "name": "", "source": ""}}, {"pk": 63, "model": "elizabeth.unixuserlist", "fields": {"username": "holgadp", "enabled": true, "type": "X", "name": "", "source": ""}}, {"pk": 64, "model": "elizabeth.unixuserlist", "fields": {"username": "buencof", "enabled": true, "type": "X", "name": "", "source": ""}}, {"pk": 65, "model": "elizabeth.unixuserlist", "fields": {"username": "acostas", "enabled": true, "type": "X", "name": "", "source": ""}}, {"pk": 66, "model": "elizabeth.unixuserlist", "fields": {"username": "bellingr", "enabled": true, "type": "X", "name": "", "source": ""}}, {"pk": 67, "model": "elizabeth.unixuserlist", "fields": {"username": "eldridgr", "enabled": true, "type": "X", "name": "", "source": ""}}, {"pk": 68, "model": "elizabeth.unixuserlist", "fields": {"username": "grubenh", "enabled": true, "type": "X", "name": "", "source": ""}}, {"pk": 69, "model": "elizabeth.unixuserlist", "fields": {"username": "shawr", "enabled": true, "type": "X", "name": "", "source": ""}}, {"pk": 70, "model": "elizabeth.unixuserlist", "fields": {"username": "bernardg", "enabled": true, "type": "X", "name": "", "source": ""}}, {"pk": 71, "model": "elizabeth.unixuserlist", "fields": {"username": "pylek", "enabled": true, "type": "X", "name": "", "source": ""}}, {"pk": 72, "model": "elizabeth.unixuserlist", "fields": {"username": "stoffelt", "enabled": true, "type": "X", "name": "", "source": ""}}, {"pk": 73, "model": "elizabeth.unixuserlist", "fields": {"username": "theriaul", "enabled": true, "type": "X", "name": "", "source": ""}}, {"pk": 74, "model": "elizabeth.unixuserlist", "fields": {"username": "pinets", "enabled": true, "type": "X", "name": "", "source": ""}}, {"pk": 75, "model": "elizabeth.unixuserlist", "fields": {"username": "eyamier", "enabled": true, "type": "X", "name": "", "source": ""}}, {"pk": 76, "model": "elizabeth.unixuserlist", "fields": {"username": "staubins", "enabled": true, "type": "X", "name": "", "source": ""}}, {"pk": 77, "model": "elizabeth.unixuserlist", "fields": {"username": "goodallj", "enabled": true, "type": "X", "name": "", "source": ""}}, {"pk": 78, "model": "elizabeth.unixuserlist", "fields": {"username": "qpsxfr", "enabled": true, "type": "X", "name": "", "source": ""}}, {"pk": 79, "model": "elizabeth.unixuserlist", "fields": {"username": "dssadmin", "enabled": true, "type": "X", "name": "", "source": ""}}, {"pk": 80, "model": "elizabeth.unixuserlist", "fields": {"username": "rappaij", "enabled": true, "type": "X", "name": "", "source": ""}}, {"pk": 81, "model": "elizabeth.unixuserlist", "fields": {"username": "krugera", "enabled": true, "type": "X", "name": "", "source": ""}}, {"pk": 82, "model": "elizabeth.unixuserlist", "fields": {"username": "goyalc", "enabled": true, "type": "X", "name": "", "source": ""}}, {"pk": 83, "model": "elizabeth.unixuserlist", "fields": {"username": "mendeza", "enabled": true, "type": "X", "name": "", "source": ""}}, {"pk": 84, "model": "elizabeth.unixuserlist", "fields": {"username": "svcunix", "enabled": true, "type": "X", "name": "", "source": ""}}, {"pk": 85, "model": "elizabeth.unixuserlist", "fields": {"username": "tepxfr", "enabled": true, "type": "X", "name": "", "source": ""}}, {"pk": 86, "model": "elizabeth.unixuserlist", "fields": {"username": "hardenbw", "enabled": true, "type": "X", "name": "", "source": ""}}, {"pk": 87, "model": "elizabeth.unixuserlist", "fields": {"username": "qpsbat", "enabled": true, "type": "X", "name": "", "source": ""}}, {"pk": 88, "model": "elizabeth.unixuserlist", "fields": {"username": "pgouder", "enabled": true, "type": "X", "name": "", "source": ""}}, {"pk": 89, "model": "elizabeth.unixuserlist", "fields": {"username": "gouderp", "enabled": true, "type": "X", "name": "", "source": ""}}, {"pk": 90, "model": "elizabeth.unixuserlist", "fields": {"username": "unixmb", "enabled": true, "type": "X", "name": "", "source": ""}}, {"pk": 93, "model": "elizabeth.unixuser", "fields": {"username": "orauhp", "enabled": false, "host": 9, "user": 19, "lastlogin": "2009-04-14", "datedisabled": null}}, {"pk": 92, "model": "elizabeth.unixuser", "fields": {"username": "sscope2", "enabled": false, "host": 9, "user": 18, "lastlogin": "2011-01-05", "datedisabled": null}}, {"pk": 91, "model": "elizabeth.unixuser", "fields": {"username": "nobody4", "enabled": false, "host": 9, "user": 17, "lastlogin": "2010-04-18", "datedisabled": null}}, {"pk": 90, "model": "elizabeth.unixuser", "fields": {"username": "noaccess", "enabled": false, "host": 9, "user": 16, "lastlogin": "2010-04-18", "datedisabled": null}}, {"pk": 89, "model": "elizabeth.unixuser", "fields": {"username": "nobody", "enabled": false, "host": 9, "user": 15, "lastlogin": "2010-04-18", "datedisabled": null}}, {"pk": 88, "model": "elizabeth.unixuser", "fields": {"username": "svctag", "enabled": false, "host": 9, "user": 14, "lastlogin": "2010-04-18", "datedisabled": null}}, {"pk": 87, "model": "elizabeth.unixuser", "fields": {"username": "postgres", "enabled": false, "host": 9, "user": 13, "lastlogin": "2010-04-18", "datedisabled": null}}, {"pk": 86, "model": "elizabeth.unixuser", "fields": {"username": "webservd", "enabled": false, "host": 9, "user": 12, "lastlogin": "2010-04-18", "datedisabled": null}}, {"pk": 85, "model": "elizabeth.unixuser", "fields": {"username": "gdm", "enabled": false, "host": 9, "user": 11, "lastlogin": "2010-04-18", "datedisabled": null}}, {"pk": 84, "model": "elizabeth.unixuser", "fields": {"username": "listen", "enabled": false, "host": 9, "user": 10, "lastlogin": "2009-02-12", "datedisabled": null}}, {"pk": 83, "model": "elizabeth.unixuser", "fields": {"username": "smmsp", "enabled": false, "host": 9, "user": 9, "lastlogin": "2010-04-18", "datedisabled": null}}, {"pk": 82, "model": "elizabeth.unixuser", "fields": {"username": "nuucp", "enabled": false, "host": 9, "user": 8, "lastlogin": "2009-02-12", "datedisabled": null}}, {"pk": 81, "model": "elizabeth.unixuser", "fields": {"username": "uucp", "enabled": false, "host": 9, "user": 7, "lastlogin": "2009-02-12", "datedisabled": null}}, {"pk": 80, "model": "elizabeth.unixuser", "fields": {"username": "lp", "enabled": false, "host": 9, "user": 6, "lastlogin": "2009-02-12", "datedisabled": null}}, {"pk": 79, "model": "elizabeth.unixuser", "fields": {"username": "adm", "enabled": false, "host": 9, "user": 5, "lastlogin": "2011-06-30", "datedisabled": null}}, {"pk": 78, "model": "elizabeth.unixuser", "fields": {"username": "sys", "enabled": false, "host": 9, "user": 4, "lastlogin": "2010-04-18", "datedisabled": null}}, {"pk": 77, "model": "elizabeth.unixuser", "fields": {"username": "bin", "enabled": false, "host": 9, "user": 3, "lastlogin": "2010-11-10", "datedisabled": null}}, {"pk": 76, "model": "elizabeth.unixuser", "fields": {"username": "daemon", "enabled": false, "host": 9, "user": 2, "lastlogin": "2010-04-18", "datedisabled": null}}, {"pk": 75, "model": "elizabeth.unixuser", "fields": {"username": "root", "enabled": false, "host": 9, "user": 1, "lastlogin": "2010-04-18", "datedisabled": null}}, {"pk": 94, "model": "elizabeth.unixuser", "fields": {"username": "uhpadm", "enabled": false, "host": 9, "user": 20, "lastlogin": "2009-07-16", "datedisabled": null}}, {"pk": 95, "model": "elizabeth.unixuser", "fields": {"username": "scmcom", "enabled": false, "host": 9, "user": 21, "lastlogin": "2009-04-06", "datedisabled": null}}, {"pk": 96, "model": "elizabeth.unixuser", "fields": {"username": "ifaceusr", "enabled": false, "host": 9, "user": 22, "lastlogin": "2011-07-05", "datedisabled": null}}, {"pk": 97, "model": "elizabeth.unixuser", "fields": {"username": "ctmagent", "enabled": false, "host": 9, "user": 23, "lastlogin": "2009-04-06", "datedisabled": null}}, {"pk": 98, "model": "elizabeth.unixuser", "fields": {"username": "tibroot", "enabled": false, "host": 9, "user": 24, "lastlogin": "2009-04-06", "datedisabled": null}}, {"pk": 99, "model": "elizabeth.unixuser", "fields": {"username": "hcmusr", "enabled": false, "host": 9, "user": 25, "lastlogin": "2011-06-23", "datedisabled": null}}, {"pk": 100, "model": "elizabeth.unixuser", "fields": {"username": "gisadm", "enabled": false, "host": 9, "user": 26, "lastlogin": "2011-07-01", "datedisabled": null}}, {"pk": 101, "model": "elizabeth.unixuser", "fields": {"username": "watchmen", "enabled": false, "host": 9, "user": 27, "lastlogin": "2010-11-28", "datedisabled": null}}, {"pk": 102, "model": "elizabeth.unixuser", "fields": {"username": "root", "enabled": false, "host": 10, "user": 1, "lastlogin": "2011-03-18", "datedisabled": null}}, {"pk": 103, "model": "elizabeth.unixuser", "fields": {"username": "daemon", "enabled": false, "host": 10, "user": 2, "lastlogin": "2011-07-05", "datedisabled": null}}, {"pk": 104, "model": "elizabeth.unixuser", "fields": {"username": "bin", "enabled": false, "host": 10, "user": 3, "lastlogin": "2010-05-15", "datedisabled": null}}, {"pk": 105, "model": "elizabeth.unixuser", "fields": {"username": "sys", "enabled": false, "host": 10, "user": 4, "lastlogin": "2005-02-07", "datedisabled": null}}, {"pk": 106, "model": "elizabeth.unixuser", "fields": {"username": "adm", "enabled": false, "host": 10, "user": 5, "lastlogin": "2009-12-20", "datedisabled": null}}, {"pk": 107, "model": "elizabeth.unixuser", "fields": {"username": "uucp", "enabled": false, "host": 10, "user": 7, "lastlogin": "2005-02-07", "datedisabled": null}}, {"pk": 108, "model": "elizabeth.unixuser", "fields": {"username": "nobody", "enabled": false, "host": 10, "user": 15, "lastlogin": "2011-03-18", "datedisabled": null}}, {"pk": 109, "model": "elizabeth.unixuser", "fields": {"username": "lpd", "enabled": false, "host": 10, "user": 28, "lastlogin": "2011-03-18", "datedisabled": null}}, {"pk": 110, "model": "elizabeth.unixuser", "fields": {"username": "sybase", "enabled": false, "host": 10, "user": 29, "lastlogin": "2009-09-20", "datedisabled": null}}, {"pk": 111, "model": "elizabeth.unixuser", "fields": {"username": "rdcente", "enabled": false, "host": 10, "user": 30, "lastlogin": "2003-02-27", "datedisabled": null}}, {"pk": 112, "model": "elizabeth.unixuser", "fields": {"username": "ctmagent", "enabled": false, "host": 10, "user": 23, "lastlogin": "2006-12-01", "datedisabled": null}}, {"pk": 113, "model": "elizabeth.unixuser", "fields": {"username": "jzmarsh", "enabled": false, "host": 10, "user": 31, "lastlogin": "2005-05-27", "datedisabled": null}}, {"pk": 114, "model": "elizabeth.unixuser", "fields": {"username": "dgevans", "enabled": false, "host": 10, "user": 32, "lastlogin": "2003-02-27", "datedisabled": null}}, {"pk": 115, "model": "elizabeth.unixuser", "fields": {"username": "bdsmith", "enabled": false, "host": 10, "user": 33, "lastlogin": "2003-02-27", "datedisabled": null}}, {"pk": 116, "model": "elizabeth.unixuser", "fields": {"username": "djp001", "enabled": false, "host": 10, "user": 34, "lastlogin": null, "datedisabled": null}}, {"pk": 117, "model": "elizabeth.unixuser", "fields": {"username": "annesem", "enabled": false, "host": 10, "user": 35, "lastlogin": "2005-12-02", "datedisabled": null}}, {"pk": 118, "model": "elizabeth.unixuser", "fields": {"username": "yuenc", "enabled": false, "host": 10, "user": 36, "lastlogin": "2003-02-27", "datedisabled": null}}, {"pk": 119, "model": "elizabeth.unixuser", "fields": {"username": "pzholwe", "enabled": false, "host": 10, "user": 37, "lastlogin": "2003-02-27", "datedisabled": null}}, {"pk": 120, "model": "elizabeth.unixuser", "fields": {"username": "dunmirr", "enabled": false, "host": 10, "user": 38, "lastlogin": "2003-02-27", "datedisabled": null}}, {"pk": 121, "model": "elizabeth.unixuser", "fields": {"username": "djp003", "enabled": false, "host": 10, "user": 39, "lastlogin": null, "datedisabled": null}}, {"pk": 122, "model": "elizabeth.unixuser", "fields": {"username": "dfnp003", "enabled": false, "host": 10, "user": 40, "lastlogin": "2003-02-27", "datedisabled": null}}, {"pk": 123, "model": "elizabeth.unixuser", "fields": {"username": "db2das53", "enabled": false, "host": 10, "user": 41, "lastlogin": "2003-02-27", "datedisabled": null}}, {"pk": 124, "model": "elizabeth.unixuser", "fields": {"username": "eraprod", "enabled": false, "host": 10, "user": 42, "lastlogin": "2003-02-27", "datedisabled": null}}, {"pk": 125, "model": "elizabeth.unixuser", "fields": {"username": "safeR6", "enabled": false, "host": 10, "user": 43, "lastlogin": "2003-02-27", "datedisabled": null}}, {"pk": 126, "model": "elizabeth.unixuser", "fields": {"username": "dibsj", "enabled": false, "host": 10, "user": 44, "lastlogin": "2003-02-27", "datedisabled": null}}, {"pk": 127, "model": "elizabeth.unixuser", "fields": {"username": "dinisj", "enabled": false, "host": 10, "user": 45, "lastlogin": "2003-07-10", "datedisabled": null}}, {"pk": 128, "model": "elizabeth.unixuser", "fields": {"username": "sshd", "enabled": false, "host": 10, "user": 46, "lastlogin": "2005-02-07", "datedisabled": null}}, {"pk": 129, "model": "elizabeth.unixuser", "fields": {"username": "nagios", "enabled": false, "host": 10, "user": 47, "lastlogin": "2004-07-26", "datedisabled": null}}, {"pk": 130, "model": "elizabeth.unixuser", "fields": {"username": "alexw", "enabled": false, "host": 10, "user": 48, "lastlogin": "2005-06-24", "datedisabled": null}}, {"pk": 131, "model": "elizabeth.unixuser", "fields": {"username": "tibroot", "enabled": false, "host": 10, "user": 24, "lastlogin": null, "datedisabled": null}}, {"pk": 132, "model": "elizabeth.unixuser", "fields": {"username": "tibprod", "enabled": false, "host": 10, "user": 49, "lastlogin": null, "datedisabled": null}}, {"pk": 133, "model": "elizabeth.unixuser", "fields": {"username": "sbnet", "enabled": false, "host": 10, "user": 50, "lastlogin": "2005-02-07", "datedisabled": null}}, {"pk": 134, "model": "elizabeth.unixuser", "fields": {"username": "aminis", "enabled": false, "host": 10, "user": 51, "lastlogin": "2003-12-12", "datedisabled": null}}, {"pk": 135, "model": "elizabeth.unixuser", "fields": {"username": "bjorhoi", "enabled": false, "host": 10, "user": 52, "lastlogin": "2004-01-27", "datedisabled": null}}, {"pk": 136, "model": "elizabeth.unixuser", "fields": {"username": "balanom", "enabled": false, "host": 10, "user": 53, "lastlogin": null, "datedisabled": null}}, {"pk": 137, "model": "elizabeth.unixuser", "fields": {"username": "shermal", "enabled": false, "host": 10, "user": 54, "lastlogin": null, "datedisabled": null}}, {"pk": 138, "model": "elizabeth.unixuser", "fields": {"username": "wallaca", "enabled": false, "host": 10, "user": 55, "lastlogin": "2006-05-04", "datedisabled": null}}, {"pk": 139, "model": "elizabeth.unixuser", "fields": {"username": "sscope2", "enabled": false, "host": 10, "user": 18, "lastlogin": "2011-03-18", "datedisabled": null}}, {"pk": 140, "model": "elizabeth.unixuser", "fields": {"username": "watsonr", "enabled": false, "host": 10, "user": 56, "lastlogin": "2006-06-16", "datedisabled": null}}, {"pk": 141, "model": "elizabeth.unixuser", "fields": {"username": "bridere", "enabled": false, "host": 10, "user": 57, "lastlogin": "2006-06-16", "datedisabled": null}}, {"pk": 142, "model": "elizabeth.unixuser", "fields": {"username": "leej", "enabled": false, "host": 10, "user": 58, "lastlogin": "2006-06-16", "datedisabled": null}}, {"pk": 143, "model": "elizabeth.unixuser", "fields": {"username": "valachia", "enabled": false, "host": 10, "user": 59, "lastlogin": "2006-06-16", "datedisabled": null}}, {"pk": 144, "model": "elizabeth.unixuser", "fields": {"username": "altj", "enabled": false, "host": 10, "user": 60, "lastlogin": "2006-06-16", "datedisabled": null}}, {"pk": 145, "model": "elizabeth.unixuser", "fields": {"username": "lowej", "enabled": false, "host": 10, "user": 61, "lastlogin": "2006-06-16", "datedisabled": null}}, {"pk": 146, "model": "elizabeth.unixuser", "fields": {"username": "sancheza", "enabled": false, "host": 10, "user": 62, "lastlogin": "2006-06-16", "datedisabled": null}}, {"pk": 147, "model": "elizabeth.unixuser", "fields": {"username": "holgadp", "enabled": false, "host": 10, "user": 63, "lastlogin": "2003-07-10", "datedisabled": null}}, {"pk": 148, "model": "elizabeth.unixuser", "fields": {"username": "buencof", "enabled": false, "host": 10, "user": 64, "lastlogin": "2006-06-16", "datedisabled": null}}, {"pk": 149, "model": "elizabeth.unixuser", "fields": {"username": "acostas", "enabled": false, "host": 10, "user": 65, "lastlogin": "2006-07-11", "datedisabled": null}}, {"pk": 150, "model": "elizabeth.unixuser", "fields": {"username": "bellingr", "enabled": false, "host": 10, "user": 66, "lastlogin": "2006-07-11", "datedisabled": null}}, {"pk": 151, "model": "elizabeth.unixuser", "fields": {"username": "eldridgr", "enabled": false, "host": 10, "user": 67, "lastlogin": "2006-07-11", "datedisabled": null}}, {"pk": 152, "model": "elizabeth.unixuser", "fields": {"username": "grubenh", "enabled": false, "host": 10, "user": 68, "lastlogin": "2006-07-11", "datedisabled": null}}, {"pk": 153, "model": "elizabeth.unixuser", "fields": {"username": "shawr", "enabled": false, "host": 10, "user": 69, "lastlogin": "2006-07-11", "datedisabled": null}}, {"pk": 154, "model": "elizabeth.unixuser", "fields": {"username": "bernardg", "enabled": false, "host": 10, "user": 70, "lastlogin": "2006-07-11", "datedisabled": null}}, {"pk": 155, "model": "elizabeth.unixuser", "fields": {"username": "pylek", "enabled": false, "host": 10, "user": 71, "lastlogin": "2006-07-11", "datedisabled": null}}, {"pk": 156, "model": "elizabeth.unixuser", "fields": {"username": "stoffelt", "enabled": false, "host": 10, "user": 72, "lastlogin": "2006-07-11", "datedisabled": null}}, {"pk": 157, "model": "elizabeth.unixuser", "fields": {"username": "theriaul", "enabled": false, "host": 10, "user": 73, "lastlogin": "2006-07-11", "datedisabled": null}}, {"pk": 158, "model": "elizabeth.unixuser", "fields": {"username": "pinets", "enabled": false, "host": 10, "user": 74, "lastlogin": "2006-07-11", "datedisabled": null}}, {"pk": 159, "model": "elizabeth.unixuser", "fields": {"username": "eyamier", "enabled": false, "host": 10, "user": 75, "lastlogin": "2006-07-11", "datedisabled": null}}, {"pk": 160, "model": "elizabeth.unixuser", "fields": {"username": "staubins", "enabled": false, "host": 10, "user": 76, "lastlogin": "2006-07-11", "datedisabled": null}}, {"pk": 161, "model": "elizabeth.unixuser", "fields": {"username": "goodallj", "enabled": false, "host": 10, "user": 77, "lastlogin": "2006-10-25", "datedisabled": null}}, {"pk": 162, "model": "elizabeth.unixuser", "fields": {"username": "qpsxfr", "enabled": false, "host": 10, "user": 78, "lastlogin": "2009-06-03", "datedisabled": null}}, {"pk": 163, "model": "elizabeth.unixuser", "fields": {"username": "dssadmin", "enabled": false, "host": 10, "user": 79, "lastlogin": "2006-11-29", "datedisabled": null}}, {"pk": 164, "model": "elizabeth.unixuser", "fields": {"username": "rappaij", "enabled": false, "host": 10, "user": 80, "lastlogin": "2007-02-15", "datedisabled": null}}, {"pk": 165, "model": "elizabeth.unixuser", "fields": {"username": "krugera", "enabled": false, "host": 10, "user": 81, "lastlogin": "2006-12-15", "datedisabled": null}}, {"pk": 166, "model": "elizabeth.unixuser", "fields": {"username": "goyalc", "enabled": false, "host": 10, "user": 82, "lastlogin": "2007-01-24", "datedisabled": null}}, {"pk": 167, "model": "elizabeth.unixuser", "fields": {"username": "mendeza", "enabled": false, "host": 10, "user": 83, "lastlogin": "2007-01-24", "datedisabled": null}}, {"pk": 168, "model": "elizabeth.unixuser", "fields": {"username": "svcunix", "enabled": false, "host": 10, "user": 84, "lastlogin": "2007-03-12", "datedisabled": null}}, {"pk": 169, "model": "elizabeth.unixuser", "fields": {"username": "tepxfr", "enabled": false, "host": 10, "user": 85, "lastlogin": "2007-04-10", "datedisabled": null}}, {"pk": 170, "model": "elizabeth.unixuser", "fields": {"username": "hardenbw", "enabled": false, "host": 10, "user": 86, "lastlogin": "2008-03-14", "datedisabled": null}}, {"pk": 171, "model": "elizabeth.unixuser", "fields": {"username": "qpsbat", "enabled": false, "host": 10, "user": 87, "lastlogin": "2009-01-15", "datedisabled": null}}, {"pk": 172, "model": "elizabeth.unixuser", "fields": {"username": "pgouder", "enabled": false, "host": 10, "user": 88, "lastlogin": "2009-01-08", "datedisabled": null}}, {"pk": 173, "model": "elizabeth.unixuser", "fields": {"username": "gouderp", "enabled": false, "host": 10, "user": 89, "lastlogin": "2009-02-06", "datedisabled": null}}, {"pk": 174, "model": "elizabeth.unixuser", "fields": {"username": "unixmb", "enabled": false, "host": 10, "user": 90, "lastlogin": "2009-12-28", "datedisabled": null}}, {"pk": 1, "model": "elizabeth.winhost", "fields": {"comment": "", "name": "ushwswp060.nbcuni.ge.com", "level": "", "apps": [], "fqdn": "", "os": "2003"}}, {"pk": 2, "model": "elizabeth.winhost", "fields": {"comment": "", "name": "usecldbwp036cb.nbcuni.ge.com", "level": "", "apps": [], "fqdn": "", "os": "2008"}}, {"pk": 3, "model": "elizabeth.winhost", "fields": {"comment": "", "name": "usaideal3.usanetworks.com", "level": "", "apps": [], "fqdn": "", "os": "2000"}}, {"pk": 4, "model": "elizabeth.winhost", "fields": {"comment": "", "name": "usalpdbwd023.nbcuni.ge.com", "level": "", "apps": [1], "fqdn": "", "os": "2003"}}, {"pk": 1, "model": "elizabeth.winuserlist", "fields": {"username": "adminUSHWSWP060", "windowsid": "", "name": "", "enabled": true, "source": "", "type": "X"}}, {"pk": 2, "model": "elizabeth.winuserlist", "fields": {"username": "Guest", "windowsid": "", "name": "", "enabled": true, "source": "", "type": "X"}}, {"pk": 3, "model": "elizabeth.winuserlist", "fields": {"username": "SophosSAUUSHWSWP0600", "windowsid": "", "name": "", "enabled": true, "source": "", "type": "X"}}, {"pk": 4, "model": "elizabeth.winuserlist", "fields": {"username": "SUPPORT_388945a0", "windowsid": "", "name": "", "enabled": true, "source": "", "type": "X"}}, {"pk": 5, "model": "elizabeth.winuserlist", "fields": {"username": "adminUSECLDBWP036CB", "windowsid": "", "name": "", "enabled": true, "source": "", "type": "X"}}, {"pk": 6, "model": "elizabeth.winuserlist", "fields": {"username": "SophosSAUUSECLDBWP00", "windowsid": "", "name": "", "enabled": true, "source": "", "type": "X"}}, {"pk": 7, "model": "elizabeth.winuserlist", "fields": {"username": "Administrator", "windowsid": "", "name": "", "enabled": true, "source": "", "type": "X"}}, {"pk": 8, "model": "elizabeth.winuserlist", "fields": {"username": "ASPNET", "windowsid": "", "name": "", "enabled": true, "source": "", "type": "X"}}, {"pk": 9, "model": "elizabeth.winuserlist", "fields": {"username": "IUSR_USA-ABD76C55915", "windowsid": "", "name": "", "enabled": true, "source": "", "type": "X"}}, {"pk": 10, "model": "elizabeth.winuserlist", "fields": {"username": "IWAM_USA-ABD76C55915", "windowsid": "", "name": "", "enabled": true, "source": "", "type": "X"}}, {"pk": 11, "model": "elizabeth.winuserlist", "fields": {"username": "SophosSAUUSAIDEAL30", "windowsid": "", "name": "", "enabled": true, "source": "", "type": "X"}}, {"pk": 12, "model": "elizabeth.winuserlist", "fields": {"username": "svchpsa", "windowsid": "", "name": "", "enabled": true, "source": "", "type": "X"}}, {"pk": 13, "model": "elizabeth.winuserlist", "fields": {"username": "TsInternetUser", "windowsid": "", "name": "", "enabled": true, "source": "", "type": "X"}}, {"pk": 14, "model": "elizabeth.winuserlist", "fields": {"username": "adminUSALPDBWD023", "windowsid": "", "name": "", "enabled": true, "source": "", "type": "X"}}, {"pk": 15, "model": "elizabeth.winuserlist", "fields": {"username": "SophosSAUUSALPDBWD00", "windowsid": "", "name": "", "enabled": true, "source": "", "type": "X"}}, {"pk": 1, "model": "elizabeth.winuser", "fields": {"username": "adminUSHWSWP060", "enabled": true, "host": 1, "user": 1, "lastlogin": null, "datedisabled": null}}, {"pk": 2, "model": "elizabeth.winuser", "fields": {"username": "Guest", "enabled": true, "host": 1, "user": 2, "lastlogin": null, "datedisabled": null}}, {"pk": 3, "model": "elizabeth.winuser", "fields": {"username": "SophosSAUUSHWSWP0600", "enabled": true, "host": 1, "user": 3, "lastlogin": null, "datedisabled": null}}, {"pk": 4, "model": "elizabeth.winuser", "fields": {"username": "SUPPORT_388945a0", "enabled": true, "host": 1, "user": 4, "lastlogin": null, "datedisabled": null}}, {"pk": 5, "model": "elizabeth.winuser", "fields": {"username": "adminUSECLDBWP036CB", "enabled": true, "host": 2, "user": 5, "lastlogin": null, "datedisabled": null}}, {"pk": 6, "model": "elizabeth.winuser", "fields": {"username": "Guest", "enabled": true, "host": 2, "user": 2, "lastlogin": null, "datedisabled": null}}, {"pk": 7, "model": "elizabeth.winuser", "fields": {"username": "SophosSAUUSECLDBWP00", "enabled": true, "host": 2, "user": 6, "lastlogin": null, "datedisabled": null}}, {"pk": 8, "model": "elizabeth.winuser", "fields": {"username": "Administrator", "enabled": true, "host": 3, "user": 7, "lastlogin": null, "datedisabled": null}}, {"pk": 9, "model": "elizabeth.winuser", "fields": {"username": "ASPNET", "enabled": true, "host": 3, "user": 8, "lastlogin": null, "datedisabled": null}}, {"pk": 10, "model": "elizabeth.winuser", "fields": {"username": "Guest", "enabled": true, "host": 3, "user": 2, "lastlogin": null, "datedisabled": null}}, {"pk": 11, "model": "elizabeth.winuser", "fields": {"username": "IUSR_USA-ABD76C55915", "enabled": true, "host": 3, "user": 9, "lastlogin": null, "datedisabled": null}}, {"pk": 12, "model": "elizabeth.winuser", "fields": {"username": "IWAM_USA-ABD76C55915", "enabled": true, "host": 3, "user": 10, "lastlogin": null, "datedisabled": null}}, {"pk": 13, "model": "elizabeth.winuser", "fields": {"username": "SophosSAUUSAIDEAL30", "enabled": true, "host": 3, "user": 11, "lastlogin": null, "datedisabled": null}}, {"pk": 14, "model": "elizabeth.winuser", "fields": {"username": "svchpsa", "enabled": true, "host": 3, "user": 12, "lastlogin": null, "datedisabled": null}}, {"pk": 15, "model": "elizabeth.winuser", "fields": {"username": "TsInternetUser", "enabled": true, "host": 3, "user": 13, "lastlogin": null, "datedisabled": null}}, {"pk": 16, "model": "elizabeth.winuser", "fields": {"username": "adminUSALPDBWD023", "enabled": true, "host": 4, "user": 14, "lastlogin": null, "datedisabled": null}}, {"pk": 17, "model": "elizabeth.winuser", "fields": {"username": "Guest", "enabled": true, "host": 4, "user": 2, "lastlogin": null, "datedisabled": null}}, {"pk": 18, "model": "elizabeth.winuser", "fields": {"username": "SophosSAUUSALPDBWD00", "enabled": true, "host": 4, "user": 15, "lastlogin": null, "datedisabled": null}}, {"pk": 19, "model": "elizabeth.winuser", "fields": {"username": "SUPPORT_388945a0", "enabled": true, "host": 4, "user": 4, "lastlogin": null, "datedisabled": null}}, {"pk": 20, "model": "elizabeth.winuser", "fields": {"username": "svchpsa", "enabled": true, "host": 4, "user": 12, "lastlogin": null, "datedisabled": null}}]
